{
  "id": "1efaf8ce-10be-4ab5-8754-f493f2522ab1",
  "code": "class OptimizedSolver:\n    def __init__(self):\n        self.iteration = 13\n        self.island = 2\n        self.score = 0.6574\n        self.params = {\"alpha\": 0.196, \"beta\": 0.260, \"gamma\": 0.363}\n    \n    def solve(self, problem):\n        return problem * self.params['alpha'] + self.score",
  "language": "python",
  "metrics": {
    "combined_score": 0.6574401556882058,
    "accuracy": 0.5967493196892294,
    "efficiency": 0.7254978411379148,
    "complexity": 0.6695193282310601,
    "robustness": 0.7202344568891973
  },
  "iteration_found": 13,
  "parent_id": "060205bf-e025-4292-aeb0-444a6fb41d71",
  "metadata": {
    "island": 2,
    "created_at": "2024-01-14T13:00:00Z"
  }
}