{
  "id": "27dd13cc-b7ca-49a5-99e8-4bf9e0729424",
  "code": "class OptimizedSolver:\n    def __init__(self):\n        self.iteration = 20\n        self.island = 1\n        self.score = 0.7593\n        self.params = {\"alpha\": 0.783, \"beta\": 0.887, \"gamma\": 0.896}\n    \n    def solve(self, problem):\n        return problem * self.params['alpha'] + self.score",
  "language": "python",
  "metrics": {
    "combined_score": 0.7593284857474245,
    "accuracy": 0.677678065052444,
    "efficiency": 0.8448183108629527,
    "complexity": 0.6619422159783726,
    "robustness": 0.809093826324264
  },
  "iteration_found": 20,
  "parent_id": "16a65caa-add4-4bac-b349-4c164531098a",
  "metadata": {
    "island": 1,
    "created_at": "2024-01-21T20:00:00Z"
  }
}