{
  "id": "3df5da39-a578-402d-9083-cf1a18d6a7cb",
  "code": "class OptimizedSolver:\n    def __init__(self):\n        self.iteration = 20\n        self.island = 2\n        self.score = 0.6422\n        self.params = {\"alpha\": 0.092, \"beta\": 0.379, \"gamma\": 0.618}\n    \n    def solve(self, problem):\n        return problem * self.params['alpha'] + self.score",
  "language": "python",
  "metrics": {
    "combined_score": 0.6421818168839772,
    "accuracy": 0.6323031572962574,
    "efficiency": 0.6244138545186744,
    "complexity": 0.4573704054403748,
    "robustness": 0.7535387828246193
  },
  "iteration_found": 20,
  "parent_id": "060205bf-e025-4292-aeb0-444a6fb41d71",
  "metadata": {
    "island": 2,
    "created_at": "2024-01-21T20:00:00Z"
  }
}