{
  "id": "4737f4c7-b09f-4131-a7b3-38596ae6479a",
  "code": "class OptimizedSolver:\n    def __init__(self):\n        self.iteration = 19\n        self.island = 1\n        self.score = 0.6348\n        self.params = {\"alpha\": 0.633, \"beta\": 0.385, \"gamma\": 0.408}\n    \n    def solve(self, problem):\n        return problem * self.params['alpha'] + self.score",
  "language": "python",
  "metrics": {
    "combined_score": 0.6348120163806295,
    "accuracy": 0.6575201436430721,
    "efficiency": 0.6048344548153753,
    "complexity": 0.5103438959090645,
    "robustness": 0.6149027336652255
  },
  "iteration_found": 19,
  "parent_id": null,
  "metadata": {
    "island": 1,
    "created_at": "2024-01-20T19:00:00Z"
  }
}