{
  "id": "64ea4d40-bb6b-4ef4-88fb-84deafb24b30",
  "code": "class OptimizedSolver:\n    def __init__(self):\n        self.iteration = 16\n        self.island = 1\n        self.score = 0.7236\n        self.params = {\"alpha\": 0.018, \"beta\": 0.263, \"gamma\": 0.497}\n    \n    def solve(self, problem):\n        return problem * self.params['alpha'] + self.score",
  "language": "python",
  "metrics": {
    "combined_score": 0.72362120488281,
    "accuracy": 0.7080356028873067,
    "efficiency": 0.8295569881334115,
    "complexity": 0.5983096005723925,
    "robustness": 0.8409014036607554
  },
  "iteration_found": 16,
  "parent_id": "5d1bd551-df24-4b05-a441-f32f812922c4",
  "metadata": {
    "island": 1,
    "created_at": "2024-01-17T16:00:00Z"
  }
}