{
  "id": "6e1bfa62-cc95-4506-8a19-f34e2ad1d798",
  "code": "class OptimizedSolver:\n    def __init__(self):\n        self.iteration = 7\n        self.island = 0\n        self.score = 0.4266\n        self.params = {\"alpha\": 0.054, \"beta\": 0.570, \"gamma\": 0.613}\n    \n    def solve(self, problem):\n        return problem * self.params['alpha'] + self.score",
  "language": "python",
  "metrics": {
    "combined_score": 0.42663675785026356,
    "accuracy": 0.40143988804815567,
    "efficiency": 0.5284477845697938,
    "complexity": 0.4401809920643078,
    "robustness": 0.4235502985462962
  },
  "iteration_found": 7,
  "parent_id": "570b9ce7-e2d9-4dc5-be45-1e07df74a564",
  "metadata": {
    "island": 0,
    "created_at": "2024-01-08T07:00:00Z"
  }
}