{
  "id": "bad7ea90-2255-4a84-8b0c-6da3e912459e",
  "code": "class OptimizedSolver:\n    def __init__(self):\n        self.iteration = 5\n        self.island = 0\n        self.score = 0.3366\n        self.params = {\"alpha\": 0.260, \"beta\": 0.472, \"gamma\": 0.240}\n    \n    def solve(self, problem):\n        return problem * self.params['alpha'] + self.score",
  "language": "python",
  "metrics": {
    "combined_score": 0.3365576447940408,
    "accuracy": 0.42142892510584906,
    "efficiency": 0.34152142983326134,
    "complexity": 0.5841188278040818,
    "robustness": 0.3748054980618652
  },
  "iteration_found": 5,
  "parent_id": "50506386-a416-4e7e-8de2-ad68fdf82c49",
  "metadata": {
    "island": 0,
    "created_at": "2024-01-06T05:00:00Z"
  }
}