{
  "id": "ecbdffe1-fe90-42a0-b9ad-879e7b747be8",
  "code": "class OptimizedSolver:\n    def __init__(self):\n        self.iteration = 16\n        self.island = 1\n        self.score = 0.6536\n        self.params = {\"alpha\": 0.841, \"beta\": 0.626, \"gamma\": 0.457}\n    \n    def solve(self, problem):\n        return problem * self.params['alpha'] + self.score",
  "language": "python",
  "metrics": {
    "combined_score": 0.6535690479822234,
    "accuracy": 0.6316584772558543,
    "efficiency": 0.7710279034388408,
    "complexity": 0.5947595529198202,
    "robustness": 0.6215042236086095
  },
  "iteration_found": 16,
  "parent_id": "b28b903b-7512-43dc-97b5-c8a9c7da6a05",
  "metadata": {
    "island": 1,
    "created_at": "2024-01-17T16:00:00Z"
  }
}